dataset,client,variant,run,mode,doneMs,clientRequests,payloadBytes,userCalls,userDb,orderCalls,orderDb,productCalls,productDb
small,web,baseline,1,cold,240.4,7,1219,1,1,1,1,5,5
small,web,baseline,2,warm,120.8,7,1219,1,1,1,1,5,5
small,web,baseline,3,warm,116.2,7,1219,1,1,1,1,5,5
small,web,baseline,4,warm,113.6,7,1219,1,1,1,1,5,5
small,web,baseline,5,warm,140.3,7,1219,1,1,1,1,5,5
small,web,baseline,6,warm,110.6,7,1219,1,1,1,1,5,5
small,web,bff,1,cold,596.5,1,1049,1,1,1,1,1,1
small,web,bff,2,warm,68.9,1,1049,1,1,1,1,1,1
small,web,bff,3,warm,66.2,1,1049,1,1,1,1,1,1
small,web,bff,4,warm,71.5,1,1049,1,1,1,1,1,1
small,web,bff,5,warm,63.1,1,1049,1,1,1,1,1,1
small,web,bff,6,warm,68,1,1049,1,1,1,1,1,1
small,web,graphql-naive,1,cold,169.4,1,1046,1,1,1,1,5,5
small,web,graphql-naive,2,warm,80.1,1,1046,1,1,1,1,5,5
small,web,graphql-naive,3,warm,81.4,1,1046,1,1,1,1,5,5
small,web,graphql-naive,4,warm,157.7,1,1046,1,1,1,1,5,5
small,web,graphql-naive,5,warm,133.7,1,1046,1,1,1,1,5,5
small,web,graphql-naive,6,warm,89.7,1,1046,1,1,1,1,5,5
small,web,graphql-loader,1,cold,366.2,1,1046,1,1,1,1,1,1
small,web,graphql-loader,2,warm,98.7,1,1046,1,1,1,1,1,1
small,web,graphql-loader,3,warm,74.9,1,1046,1,1,1,1,1,1
small,web,graphql-loader,4,warm,82.2,1,1046,1,1,1,1,1,1
small,web,graphql-loader,5,warm,71.1,1,1046,1,1,1,1,1,1
small,web,graphql-loader,6,warm,77.6,1,1046,1,1,1,1,1,1
small,mobile,baseline,1,cold,87.5,7,1219,1,1,1,1,5,5
small,mobile,baseline,2,warm,107,7,1219,1,1,1,1,5,5
small,mobile,baseline,3,warm,261.1,7,1219,1,1,1,1,5,5
small,mobile,baseline,4,warm,103.7,7,1219,1,1,1,1,5,5
small,mobile,baseline,5,warm,83.7,7,1219,1,1,1,1,5,5
small,mobile,baseline,6,warm,89.8,7,1219,1,1,1,1,5,5
small,mobile,bff,1,cold,521.5,1,526,1,1,1,1,1,1
small,mobile,bff,2,warm,49.9,1,526,1,1,1,1,1,1
small,mobile,bff,3,warm,48.2,1,526,1,1,1,1,1,1
small,mobile,bff,4,warm,60.2,1,526,1,1,1,1,1,1
small,mobile,bff,5,warm,52.1,1,526,1,1,1,1,1,1
small,mobile,bff,6,warm,74.5,1,526,1,1,1,1,1,1
small,mobile,graphql-naive,1,cold,111.3,1,532,1,1,1,1,5,5
small,mobile,graphql-naive,2,warm,64.7,1,532,1,1,1,1,5,5
small,mobile,graphql-naive,3,warm,56.7,1,532,1,1,1,1,5,5
small,mobile,graphql-naive,4,warm,53.7,1,532,1,1,1,1,5,5
small,mobile,graphql-naive,5,warm,54.1,1,532,1,1,1,1,5,5
small,mobile,graphql-naive,6,warm,63.3,1,532,1,1,1,1,5,5
small,mobile,graphql-loader,1,cold,394.1,1,532,1,1,1,1,1,1
small,mobile,graphql-loader,2,warm,52.9,1,532,1,1,1,1,1,1
small,mobile,graphql-loader,3,warm,51.3,1,532,1,1,1,1,1,1
small,mobile,graphql-loader,4,warm,59.5,1,532,1,1,1,1,1,1
small,mobile,graphql-loader,5,warm,52.8,1,532,1,1,1,1,1,1
small,mobile,graphql-loader,6,warm,69.8,1,532,1,1,1,1,1,1
large,web,baseline,1,cold,453.5,202,46493,1,1,1,1,200,200
large,web,baseline,2,warm,511,202,46493,1,1,1,1,200,200
large,web,baseline,3,warm,458.2,202,46493,1,1,1,1,200,200
large,web,baseline,4,warm,413.3,202,46493,1,1,1,1,200,200
large,web,baseline,5,warm,391.2,202,46493,1,1,1,1,200,200
large,web,baseline,6,warm,346.8,202,46493,1,1,1,1,200,200
large,web,bff,1,cold,128.6,1,38157,1,1,1,1,1,1
large,web,bff,2,warm,74.1,1,38157,1,1,1,1,1,1
large,web,bff,3,warm,96.5,1,38157,1,1,1,1,1,1
large,web,bff,4,warm,73.4,1,38157,1,1,1,1,1,1
large,web,bff,5,warm,104.7,1,38157,1,1,1,1,1,1
large,web,bff,6,warm,70.1,1,38157,1,1,1,1,1,1
large,web,graphql-naive,1,cold,274.2,1,38154,1,1,1,1,200,200
large,web,graphql-naive,2,warm,155.8,1,38154,1,1,1,1,200,200
large,web,graphql-naive,3,warm,402.6,1,38154,1,1,1,1,200,200
large,web,graphql-naive,4,warm,234.2,1,38154,1,1,1,1,200,200
large,web,graphql-naive,5,warm,167.5,1,38154,1,1,1,1,200,200
large,web,graphql-naive,6,warm,171.3,1,38154,1,1,1,1,200,200
large,web,graphql-loader,1,cold,150.6,1,38154,1,1,1,1,1,1
large,web,graphql-loader,2,warm,121.6,1,38154,1,1,1,1,1,1
large,web,graphql-loader,3,warm,111.5,1,38154,1,1,1,1,1,1
large,web,graphql-loader,4,warm,95.7,1,38154,1,1,1,1,1,1
large,web,graphql-loader,5,warm,82.5,1,38154,1,1,1,1,1,1
large,web,graphql-loader,6,warm,85.6,1,38154,1,1,1,1,1,1
large,mobile,baseline,1,cold,968.1,202,46493,1,1,1,1,200,200
large,mobile,baseline,2,warm,472.1,202,46493,1,1,1,1,200,200
large,mobile,baseline,3,warm,417.7,202,46493,1,1,1,1,200,200
large,mobile,baseline,4,warm,386.3,202,46493,1,1,1,1,200,200
large,mobile,baseline,5,warm,447.1,202,46493,1,1,1,1,200,200
large,mobile,baseline,6,warm,363.2,202,46493,1,1,1,1,200,200
large,mobile,bff,1,cold,145.1,1,19830,1,1,1,1,1,1
large,mobile,bff,2,warm,91.3,1,19830,1,1,1,1,1,1
large,mobile,bff,3,warm,97.2,1,19830,1,1,1,1,1,1
large,mobile,bff,4,warm,78.6,1,19830,1,1,1,1,1,1
large,mobile,bff,5,warm,64.4,1,19830,1,1,1,1,1,1
large,mobile,bff,6,warm,63.3,1,19830,1,1,1,1,1,1
large,mobile,graphql-naive,1,cold,290.4,1,19836,1,1,1,1,200,200
large,mobile,graphql-naive,2,warm,168.7,1,19836,1,1,1,1,200,200
large,mobile,graphql-naive,3,warm,124.3,1,19836,1,1,1,1,200,200
large,mobile,graphql-naive,4,warm,108.8,1,19836,1,1,1,1,200,200
large,mobile,graphql-naive,5,warm,118,1,19836,1,1,1,1,200,200
large,mobile,graphql-naive,6,warm,96.5,1,19836,1,1,1,1,200,200
large,mobile,graphql-loader,1,cold,123,1,19836,1,1,1,1,1,1
large,mobile,graphql-loader,2,warm,61.6,1,19836,1,1,1,1,1,1
large,mobile,graphql-loader,3,warm,56.9,1,19836,1,1,1,1,1,1
large,mobile,graphql-loader,4,warm,56.9,1,19836,1,1,1,1,1,1
large,mobile,graphql-loader,5,warm,59.6,1,19836,1,1,1,1,1,1
large,mobile,graphql-loader,6,warm,53.6,1,19836,1,1,1,1,1,1